naf_version,code,niveau_defense,nature_dualite,famille,justification,nature_preuve,usages_civils,usages_defense,source_url,source_reference,source_repere,source_secondaire_url,source_secondaire_reference,niveau_confiance,limite_interpretation,commentaire
NAF 2025,25.30Y,explicite_industriel,dual_naf_directe,armement,"Le libellé officiel est « Fabrication d'armes et de munitions » : l'objet militaire est explicite. Le périmètre de cette activité couvre aussi des débouchés civils : la nomenclature de produits (CPF 25.40.12) rattache à la classe correspondante les revolvers, pistolets et armes à feu de chasse.",libelle_officiel,"Armes de chasse et de tir sportif (revolvers, pistolets, armes à feu de chasse — CPF 25.40.12)",Armes militaires et munitions,https://www.insee.fr/fr/metadonnees/naf2025/sousClasse/25.30Y,INSEE — NAF 2025 — sous-classe 25.30Y,« Fabrication d'armes et de munitions »,https://www.insee.fr/fr/metadonnees/cpfr21/sousCategorie/25.40.12,"INSEE — CPF rév. 2.1 — 25.40.12 (revolvers, pistolets, armes à feu de chasse)",élevé,La preuve des débouchés civils s'appuie sur la nomenclature de produits CPF rév. 2.1 dont la numérotation suit la structure précédente (classe 25.40).,« Explicite » ne veut pas dire « 100 % militaire » : chasse et tir sportif relèvent du même code.
NAF 2025,30.13Y,explicite_industriel,,naval,Le libellé officiel est « Construction de bateaux et navires militaires » : la mention « militaires » figure dans l'intitulé.,libelle_officiel,,,https://www.insee.fr/fr/metadonnees/naf2025/sousClasse/30.13Y,INSEE — NAF 2025 — sous-classe 30.13Y,« Construction de bateaux et navires militaires »,,,élevé,,La NAF 2025 distingue cette sous-classe de 30.11Y (navires et structures flottantes civiles).
NAF 2025,30.32Y,explicite_industriel,,aeronautique_spatial,Le libellé officiel est « Construction aéronautique et spatiale militaire » : la mention « militaire » figure explicitement dans l'intitulé.,libelle_officiel,,,https://www.insee.fr/fr/metadonnees/naf2025/sousClasse/30.32Y,INSEE — NAF 2025 — sous-classe 30.32Y,« Construction aéronautique et spatiale militaire »,,,élevé,,Sous-classe distinguée de 30.31Y (construction aéronautique et spatiale civile) dans la NAF 2025.
NAF 2025,30.40Y,explicite_industriel,,terrestre,Le libellé officiel est « Construction de véhicules militaires de combat » : l'objet militaire est explicite.,libelle_officiel,,,https://www.insee.fr/fr/metadonnees/naf2025/sousClasse/30.40Y,INSEE — NAF 2025 — sous-classe 30.40Y,« Construction de véhicules militaires de combat »,,,élevé,,Chars et autres véhicules blindés de combat.
NAF 2025,33.18G,explicite_industriel,,maintenance,Le libellé officiel est « Réparation et entretien d'aéronefs et d'engins spatiaux militaires » : la mention « militaires » figure dans l'intitulé.,libelle_officiel,,,https://www.insee.fr/fr/metadonnees/naf2025/sousClasse/33.18G,INSEE — NAF 2025 — sous-classe 33.18G,« aéronefs et d'engins spatiaux militaires »,,,élevé,,Pendant militaire de 33.16Y (réparation et entretien d'aéronefs et d'engins spatiaux civils).
NAF 2025,33.18H,explicite_industriel,,maintenance,"Le libellé officiel est « Réparation et entretien de véhicules de combat, de navires et de bateaux militaires » : l'objet militaire est explicite.",libelle_officiel,,,https://www.insee.fr/fr/metadonnees/naf2025/sousClasse/33.18H,INSEE — NAF 2025 — sous-classe 33.18H,"« véhicules de combat, de navires et de bateaux militaires »",,,élevé,,Pendant militaire de 33.15Y (réparation et entretien de bateaux et navires civils).
NAF 2025,84.22Y,administration_defense,,administration,"Le libellé « Défense » désigne ici l'administration de la défense nationale par la sphère publique (état-major, forces armées, services du ministère). AVERTISSEMENT : ce code ne désigne PAS les entreprises industrielles de défense.",libelle_officiel,,,https://www.insee.fr/fr/metadonnees/naf2025/sousClasse/84.22Y,INSEE — NAF 2025 — sous-classe 84.22Y,« Défense »,,,élevé,,"Ne pas confondre avec l'industrie de défense : ce code relève de la section O (administration publique), pas de l'industrie manufacturière."
NAF 2025,26.70Y,dualite_demontree,dual_naf_directe,optique_instruments,"La même activité couvre des matériels optiques civils (jumelles, microscopes, objectifs) et, d'après la nomenclature de produits officielle de la classe 26.70, la fabrication de matériel de visée optique équipant les fusils.",nomenclature_produits_cpf,"Jumelles, longues-vues, microscopes, objectifs et matériel photographique",Matériel de visée optique équipant les armes ; optronique,https://www.insee.fr/fr/metadonnees/naf2025/sousClasse/26.70Y,INSEE — NAF 2025 — sous-classe 26.70Y,« matériel de visée optique équipant les fusils »,https://www.insee.fr/fr/metadonnees/cpfr21/classe/26.70,INSEE — CPF rév. 2.1 — classe 26.70 (matériel optique et photographique),élevé,La nomenclature de produits CPF rév. 2.1 suit la structure précédente ; la classe 26.70 garde toutefois le même numéro et le même objet dans les deux structures.,
NAF 2025,26.51Y,dualite_demontree,dual_naf_crossref,optique_instruments,"La classe 26.51 garde le même numéro et le même objet que dans la NAF rév.2, où la note officielle de 26.51A citait explicitement des matériels militaires (conduite du tir, autodirecteurs de missiles, contre-mesures électroniques) aux côtés de la navigation civile ; la nomenclature de produits (CPF 26.51.20) couvre les appareils radar et de radionavigation, aux débouchés civils comme militaires.",nomenclature_produits_cpf,"Instruments de navigation aérienne et maritime civiles, radars civils (contrôle aérien, météorologie), instrumentation de mesure","Conduite du tir, autodirecteurs de missiles, contre-mesures électroniques, radars militaires",https://www.insee.fr/fr/metadonnees/naf2025/sousClasse/26.51Y,INSEE — NAF 2025 — sous-classe 26.51Y,« Appareils radar et de radionavigation » (CPF 26.51.20),https://www.insee.fr/fr/metadonnees/nafr2/sousClasse/26.51A,INSEE — NAF rév.2 — sous-classe 26.51A (notes explicatives),moyen,Les notes explicatives propres à la fiche NAF 2025 n'ont pas pu être consultées : la preuve s'appuie sur la note de la sous-classe correspondante de la NAF rév.2 et sur la nomenclature de produits.,
NAF 2025,25.61Y,dualite_demontree,dual_naf_crossref,armement,"La coutellerie couvre des produits très majoritairement civils (couteaux, ciseaux, rasoirs) mais la nomenclature de produits de la classe coutellerie (CPF 25.71.15) inclut aussi « épées, sabres, baïonnettes, lances et armes similaires ».",nomenclature_produits_cpf,"Coutellerie de table et professionnelle, ciseaux, rasoirs","Épées, sabres, baïonnettes, lances et leurs parties (armes blanches, notamment de cérémonie)",https://www.insee.fr/fr/metadonnees/naf2025/sousClasse/25.61Y,INSEE — NAF 2025 — sous-classe 25.61Y,"« Épées, sabres, baïonnettes, lances et armes similaires »",https://www.insee.fr/fr/metadonnees/cpfr21/sousCategorie/25.71.15,"INSEE — CPF rév. 2.1 — 25.71.15 (épées, sabres, baïonnettes)",moyen,La coutellerie porte le numéro 25.71 dans la structure précédente et 25.61 en NAF 2025 : la preuve produit est rattachée par l'objet de la classe (coutellerie) et non par son numéro.,Exemple pédagogique : le même métier fabrique des ciseaux et des baïonnettes.
NAF 2025,28.99Y,dualite_demontree,dual_naf_crossref,machines_equipements,"Les machines d'usage spécifique n.c.a. couvrent des équipements industriels civils (machines pour l'imprimerie, le verre, les semi-conducteurs…) et la nomenclature de produits de la classe 28.99 inclut les « dispositifs de lancement d'aéronefs ; dispositifs d'appontage » — dont les catapultes équipant les porte-avions.",nomenclature_produits_cpf,"Machines spéciales pour l'industrie (imprimerie, verre, semi-conducteurs, etc.)",Dispositifs de lancement et d'appontage d'aéronefs (catapultes de porte-avions),https://www.insee.fr/fr/metadonnees/naf2025/sousClasse/28.99Y,INSEE — NAF 2025 — sous-classe 28.99Y,« Dispositifs de lancement d'aéronefs ; dispositifs d'appontage »,https://www.insee.fr/fr/metadonnees/cpfr21/sousCategorie/28.99.39,INSEE — CPF rév. 2.1 — 28.99.39 (dispositifs de lancement d'aéronefs),moyen,La preuve produit est portée par la nomenclature CPF rév. 2.1 alignée sur la structure précédente ; la classe 28.99 garde le même numéro et le même objet dans les deux structures.,
NAF 2025,33.11Y,dualite_demontree,dual_naf_crossref,maintenance,"La réparation et l'entretien d'ouvrages en métaux couvrent des interventions civiles (chaudronnerie, réservoirs, structures) et la nomenclature de produits de la classe 33.11 comporte une sous-catégorie dédiée : « Réparation et entretien d'armes et de munitions » (CPF 33.11.14).",nomenclature_produits_cpf,"Réparation de structures métalliques, chaudronnerie, réservoirs et générateurs de vapeur civils","Réparation et entretien d'armes et de munitions (y compris armes de chasse et de tir sportif)",https://www.insee.fr/fr/metadonnees/naf2025/sousClasse/33.11Y,INSEE — NAF 2025 — sous-classe 33.11Y,« Réparation et entretien d'armes et de munitions »,https://www.insee.fr/fr/metadonnees/cpfr21/sousCategorie/33.11.14,INSEE — CPF rév. 2.1 — 33.11.14 (réparation et entretien d'armes et de munitions),moyen,La preuve produit est portée par la nomenclature CPF rév. 2.1 alignée sur la structure précédente ; la classe 33.11 garde le même numéro et un objet comparable dans les deux structures.,
NAF 2025,26.11Y,relation_intermediaire,technologie_dual_use;ecosysteme_defense_observe,electronique,"Deux faits documentés : le secteur des produits informatiques, électroniques et optiques est le deuxième secteur industriel des entreprises de défense recensées par l'enquête EDIS du ministère des Armées (adossée au répertoire REFD) ; et l'électronique relève des catégories de biens à double usage de l'annexe I du règlement (UE) 2021/821. Ni l'un ni l'autre ne démontre que la sous-classe elle-même est duale.",enquete_ssm_refd,"Électronique grand public, automobile, télécoms, équipements industriels","Composants pour systèmes d'armes, radars, guerre électronique, communications militaires",https://www.insee.fr/fr/metadonnees/naf2025/sousClasse/26.11Y,INSEE — NAF 2025 — sous-classe 26.11Y,"« produits informatiques, électroniques et optiques : deuxième secteur » (EDIS)",https://www.defense.gouv.fr/sites/default/files/ssm/EcoDef%20265%20-%20EDIS%202023.pdf,"Ministère des Armées — SSM/OED, EcoDef Statistiques n°265 (enquête EDIS)",moyen,L'enquête EDIS documente le secteur et le règlement (UE) 2021/821 documente certains biens électroniques : cela ne permet pas d'affirmer que toute entreprise de la sous-classe 26.11Y a une activité duale.,
NAF 2025,26.12Y,relation_intermediaire,technologie_dual_use;ecosysteme_defense_observe,electronique,"Deux faits documentés : le secteur des produits informatiques, électroniques et optiques est le deuxième secteur industriel des entreprises de défense recensées par l'enquête EDIS (adossée au REFD) ; et les assemblages électroniques relèvent des catégories de biens à double usage de l'annexe I du règlement (UE) 2021/821. Ni l'un ni l'autre ne démontre que la sous-classe elle-même est duale.",enquete_ssm_refd,"Cartes électroniques pour l'industrie, l'automobile, les télécoms et l'électronique grand public","Cartes et assemblages électroniques pour systèmes militaires (radars, missiles, communications)",https://www.insee.fr/fr/metadonnees/naf2025/sousClasse/26.12Y,INSEE — NAF 2025 — sous-classe 26.12Y,"« produits informatiques, électroniques et optiques : deuxième secteur » (EDIS)",https://www.defense.gouv.fr/sites/default/files/ssm/EcoDef%20265%20-%20EDIS%202023.pdf,"Ministère des Armées — SSM/OED, EcoDef Statistiques n°265 (enquête EDIS)",moyen,L'enquête EDIS documente le secteur et le règlement (UE) 2021/821 documente certains biens : cela ne permet pas d'affirmer que toute entreprise de la sous-classe 26.12Y a une activité duale.,
NAF 2025,26.20Y,relation_intermediaire,technologie_dual_use;ecosysteme_defense_observe,electronique,"Deux faits documentés : le secteur des produits informatiques, électroniques et optiques est le deuxième secteur industriel des entreprises de défense recensées par l'enquête EDIS (adossée au REFD) ; et les calculateurs relèvent de la catégorie 4 (« calculateurs ») de l'annexe I du règlement (UE) 2021/821. Ni l'un ni l'autre ne démontre que la sous-classe elle-même est duale.",enquete_ssm_refd,"Ordinateurs et serveurs pour les entreprises, les administrations et le grand public",Calculateurs embarqués et systèmes d'information militaires,https://www.insee.fr/fr/metadonnees/naf2025/sousClasse/26.20Y,INSEE — NAF 2025 — sous-classe 26.20Y,"« produits informatiques, électroniques et optiques : deuxième secteur » (EDIS)",https://www.defense.gouv.fr/sites/default/files/ssm/EcoDef%20265%20-%20EDIS%202023.pdf,"Ministère des Armées — SSM/OED, EcoDef Statistiques n°265 (enquête EDIS)",moyen,L'enquête EDIS documente le secteur et le règlement (UE) 2021/821 documente certains biens : cela ne permet pas d'affirmer que toute entreprise de la sous-classe 26.20Y a une activité duale.,
NAF 2025,26.30Y,relation_intermediaire,technologie_dual_use;ecosysteme_defense_observe,electronique,"Deux faits documentés : le secteur des produits informatiques, électroniques et optiques est le deuxième secteur industriel des entreprises de défense recensées par l'enquête EDIS (adossée au REFD) ; et les équipements de communication relèvent de la catégorie 5 (« télécommunications et sécurité de l'information ») de l'annexe I du règlement (UE) 2021/821. Ni l'un ni l'autre ne démontre que la sous-classe elle-même est duale.",enquete_ssm_refd,"Équipements de réseaux et de radiocommunication civils (téléphonie, radiodiffusion, réseaux d'entreprise)",Systèmes de communication militaires et radios tactiques,https://www.insee.fr/fr/metadonnees/naf2025/sousClasse/26.30Y,INSEE — NAF 2025 — sous-classe 26.30Y,"« produits informatiques, électroniques et optiques : deuxième secteur » (EDIS)",https://www.defense.gouv.fr/sites/default/files/ssm/EcoDef%20265%20-%20EDIS%202023.pdf,"Ministère des Armées — SSM/OED, EcoDef Statistiques n°265 (enquête EDIS)",moyen,L'enquête EDIS documente le secteur et le règlement (UE) 2021/821 documente certains biens : cela ne permet pas d'affirmer que toute entreprise de la sous-classe 26.30Y a une activité duale.,
NAF rév.2,25.40Z,explicite_industriel,dual_naf_directe,armement,"Le libellé officiel est « Fabrication d'armes et de munitions » : l'objet militaire est explicite. La note officielle couvre aussi des débouchés civils : armes de chasse, de tir sportif et de défense.",note_officielle_insee,"Armes de chasse et de tir sportif (revolvers, pistolets, armes à feu de chasse — CPF 25.40.12)",Armes militaires et munitions,https://www.insee.fr/fr/metadonnees/nafr2/sousClasse/25.40Z,INSEE — NAF rév.2 — sous-classe 25.40Z (notes explicatives),"« armes de chasse, de tir sportif et de défense »",https://www.insee.fr/fr/metadonnees/cpfr21/sousCategorie/25.40.12,"INSEE — CPF rév. 2.1 — 25.40.12 (revolvers, pistolets, armes à feu de chasse)",élevé,,« Explicite » ne veut pas dire « 100 % militaire » : chasse et tir sportif relèvent du même code. Correspond pour l'essentiel à 25.30Y en NAF 2025 (à confirmer avec la table officielle).
NAF rév.2,30.40Z,explicite_industriel,,terrestre,Le libellé officiel est « Construction de véhicules militaires de combat » : l'objet militaire est explicite.,libelle_officiel,,,https://www.insee.fr/fr/metadonnees/nafr2/sousClasse/30.40Z,INSEE — NAF rév.2 — sous-classe 30.40Z,« Construction de véhicules militaires de combat »,,,élevé,,Correspond à 30.40Y en NAF 2025 (à confirmer avec la table officielle).
NAF rév.2,30.30Z,dualite_demontree,dual_naf_directe,aeronautique_spatial,"La note officielle Insee de la sous-classe couvre, dans la même activité, la construction d'avions pour le transport de marchandises ou de passagers, pour les forces armées, le sport ou d'autres usages : les volets civil et militaire relèvent explicitement du même périmètre.",note_officielle_insee,"Avions, hélicoptères et lanceurs civils","Aéronefs pour les forces armées (cités par la note officielle)",https://www.insee.fr/fr/metadonnees/nafr2/sousClasse/30.30Z,INSEE — NAF rév.2 — sous-classe 30.30Z (notes explicatives),« pour les forces armées »,,,élevé,,La NAF 2025 introduit par ailleurs des sous-classes distinctes 30.31Y (civile) et 30.32Y (militaire).
NAF rév.2,30.11Z,dualite_demontree,dual_naf_directe,naval,"La nomenclature de produits officielle de la classe 30.11 comporte une sous-catégorie dédiée aux bâtiments de guerre (porte-avions, sous-marins, frégates…), aux côtés des navires de commerce civils : les deux volets relèvent du même périmètre d'activité.",nomenclature_produits_cpf,Navires de commerce et structures flottantes civiles,"Bâtiments de guerre : porte-avions, sous-marins, croiseurs, frégates (CPF 30.11.10)",https://www.insee.fr/fr/metadonnees/nafr2/sousClasse/30.11Z,INSEE — NAF rév.2 — sous-classe 30.11Z,« Bâtiments de guerre »,https://www.insee.fr/fr/metadonnees/cpfr21/sousCategorie/30.11.10,INSEE — CPF rév. 2.1 — 30.11.10 (bâtiments de guerre),élevé,,La NAF 2025 introduit par ailleurs des sous-classes distinctes 30.11Y (civils) et 30.13Y (militaires).
NAF rév.2,33.15Z,dualite_demontree,dual_naf_directe,maintenance,"La nomenclature de produits officielle de la classe 33.15 (réparation et entretien de navires et bateaux) couvre les interventions sur les navires de commerce, de pêche et les navires militaires : les volets civil et militaire relèvent du même périmètre.",nomenclature_produits_cpf,"Réparation et entretien de navires civils (commerce, pêche, plaisance)",Réparation et entretien de navires militaires (CPF 33.15.10),https://www.insee.fr/fr/metadonnees/nafr2/sousClasse/33.15Z,INSEE — NAF rév.2 — sous-classe 33.15Z,« navires militaires »,https://www.insee.fr/fr/metadonnees/cpfr21/sousCategorie/33.15.10,INSEE — CPF rév. 2.1 — 33.15.10 (réparation et entretien de navires et bateaux),élevé,,La NAF 2025 introduit par ailleurs des sous-classes distinctes 33.15Y (civils) et 33.18H (militaires).
NAF rév.2,33.16Z,dualite_demontree,dual_naf_crossref,maintenance,"En NAF rév.2, une seule sous-classe couvre la réparation et la maintenance d'aéronefs, sans distinguer les volets civil et militaire ; la NAF 2025 crée des sous-classes distinctes pour les aéronefs civils (33.16Y) et militaires (33.18G), ce qui atteste que les deux volets existent dans ce métier.",structure_naf_2025,Maintenance d'aéronefs civils,Maintenance d'aéronefs et d'engins spatiaux militaires,https://www.insee.fr/fr/metadonnees/nafr2/sousClasse/33.16Z,INSEE — NAF rév.2 — sous-classe 33.16Z,Libellés officiels 33.16Y (« civils ») et 33.18G (« militaires ») en NAF 2025,https://www.insee.fr/fr/metadonnees/naf2025/sousClasse/33.18G,INSEE — NAF 2025 — sous-classe 33.18G,moyen,"La répartition précise du périmètre 2008 entre les sous-classes 2025 relève de la table de correspondance officielle Insee, qui n'a pas pu être intégrée ici.",
NAF rév.2,26.51A,dualite_demontree,dual_naf_directe,optique_instruments,"La note officielle Insee de la sous-classe couvre à la fois les instruments de navigation civils (aérienne, maritime) et des matériels explicitement militaires : conduite du tir, autodirecteurs de missiles, contre-mesures électroniques.",note_officielle_insee,"Instruments de navigation aérienne et maritime civiles, radars civils (contrôle aérien, météorologie)","Matériels militaires de conduite du tir, autodirecteurs de missiles, contre-mesures électroniques (cités par la note officielle)",https://www.insee.fr/fr/metadonnees/nafr2/sousClasse/26.51A,INSEE — NAF rév.2 — sous-classe 26.51A (notes explicatives),« matériels militaires de conduite du tir »,https://www.insee.fr/fr/metadonnees/cpfr21/sousCategorie/26.51.20,INSEE — CPF rév. 2.1 — 26.51.20 (appareils radar et de radionavigation),élevé,,Exemple pédagogique : l'avionique civile et l'autodirecteur de missile relèvent de la même sous-classe.
NAF rév.2,26.70Z,dualite_demontree,dual_naf_directe,optique_instruments,"La même sous-classe couvre des matériels optiques civils (jumelles, microscopes, objectifs) et, d'après la nomenclature de produits officielle de la classe 26.70, la fabrication de matériel de visée optique équipant les fusils.",nomenclature_produits_cpf,"Jumelles, longues-vues, microscopes, objectifs et matériel photographique",Matériel de visée optique équipant les armes ; optronique,https://www.insee.fr/fr/metadonnees/nafr2/sousClasse/26.70Z,INSEE — NAF rév.2 — sous-classe 26.70Z,« matériel de visée optique équipant les fusils »,https://www.insee.fr/fr/metadonnees/cpfr21/classe/26.70,INSEE — CPF rév. 2.1 — classe 26.70 (matériel optique et photographique),élevé,,
NAF rév.2,20.51Z,dualite_demontree,dual_naf_directe,armement,"Le périmètre officiel réunit des produits civils (explosifs de mines et carrières, artifices de divertissement et de signalisation) et les poudres propulsives et propergols, indissociables des munitions (CPF 20.51.11).",nomenclature_produits_cpf,"Explosifs civils (mines, carrières, travaux publics), artifices de divertissement et de signalisation",Poudres propulsives et propergols pour munitions et autopropulsion,https://www.insee.fr/fr/metadonnees/nafr2/sousClasse/20.51Z,INSEE — NAF rév.2 — sous-classe 20.51Z,« Poudres propulsives et produits explosifs préparés »,https://www.insee.fr/fr/metadonnees/cpfr21/sousCategorie/20.51.11,INSEE — CPF rév. 2.1 — 20.51.11 (poudres propulsives et produits explosifs préparés),élevé,,En NAF 2025 ce périmètre change de code (candidat : 20.59Y) ; destination à confirmer avec la table officielle.
NAF rév.2,25.71Z,dualite_demontree,dual_naf_directe,armement,"La coutellerie couvre des produits très majoritairement civils (couteaux, ciseaux, rasoirs) mais la nomenclature de produits officielle de la classe 25.71 inclut aussi « épées, sabres, baïonnettes, lances et armes similaires » (CPF 25.71.15).",nomenclature_produits_cpf,"Coutellerie de table et professionnelle, ciseaux, rasoirs","Épées, sabres, baïonnettes, lances et leurs parties (armes blanches, notamment de cérémonie)",https://www.insee.fr/fr/metadonnees/nafr2/sousClasse/25.71Z,INSEE — NAF rév.2 — sous-classe 25.71Z,"« Épées, sabres, baïonnettes, lances et armes similaires »",https://www.insee.fr/fr/metadonnees/cpfr21/sousCategorie/25.71.15,"INSEE — CPF rév. 2.1 — 25.71.15 (épées, sabres, baïonnettes)",élevé,,Exemple pédagogique : le même métier fabrique des ciseaux et des baïonnettes.
NAF rév.2,28.99B,dualite_demontree,dual_naf_directe,machines_equipements,"Les machines spécialisées couvrent des équipements industriels civils et la nomenclature de produits officielle de la classe 28.99 inclut les « dispositifs de lancement d'aéronefs ; dispositifs d'appontage » — dont les catapultes équipant les porte-avions (CPF 28.99.39).",nomenclature_produits_cpf,"Machines spéciales pour l'industrie (imprimerie, verre, semi-conducteurs, etc.)",Dispositifs de lancement et d'appontage d'aéronefs (catapultes de porte-avions),https://www.insee.fr/fr/metadonnees/nafr2/sousClasse/28.99B,INSEE — NAF rév.2 — sous-classe 28.99B,« Dispositifs de lancement d'aéronefs ; dispositifs d'appontage »,https://www.insee.fr/fr/metadonnees/cpfr21/sousCategorie/28.99.39,INSEE — CPF rév. 2.1 — 28.99.39 (dispositifs de lancement d'aéronefs),élevé,,
NAF rév.2,33.11Z,dualite_demontree,dual_naf_directe,maintenance,"La réparation d'ouvrages en métaux couvre des interventions civiles (chaudronnerie, réservoirs, structures) et la nomenclature de produits officielle de la classe 33.11 comporte une sous-catégorie dédiée : « Réparation et entretien d'armes et de munitions » (CPF 33.11.14), y compris les armes de chasse et de tir sportif.",nomenclature_produits_cpf,"Réparation de structures métalliques, chaudronnerie, réservoirs et générateurs de vapeur civils","Réparation et entretien d'armes et de munitions (y compris armes de chasse et de tir sportif)",https://www.insee.fr/fr/metadonnees/nafr2/sousClasse/33.11Z,INSEE — NAF rév.2 — sous-classe 33.11Z,« Réparation et entretien d'armes et de munitions »,https://www.insee.fr/fr/metadonnees/cpfr21/sousCategorie/33.11.14,INSEE — CPF rév. 2.1 — 33.11.14 (réparation et entretien d'armes et de munitions),élevé,,
NAF rév.2,26.11Z,relation_intermediaire,technologie_dual_use;ecosysteme_defense_observe,electronique,"Deux faits documentés : le secteur des produits informatiques, électroniques et optiques est le deuxième secteur industriel des entreprises de défense recensées par l'enquête EDIS du ministère des Armées (adossée au répertoire REFD) ; et l'électronique relève des catégories de biens à double usage de l'annexe I du règlement (UE) 2021/821. Ni l'un ni l'autre ne démontre que la sous-classe elle-même est duale.",enquete_ssm_refd,"Électronique grand public, automobile, télécoms, équipements industriels","Composants pour systèmes d'armes, radars, guerre électronique, communications militaires",https://www.insee.fr/fr/metadonnees/nafr2/sousClasse/26.11Z,INSEE — NAF rév.2 — sous-classe 26.11Z,"« produits informatiques, électroniques et optiques : deuxième secteur » (EDIS)",https://www.defense.gouv.fr/sites/default/files/ssm/EcoDef%20265%20-%20EDIS%202023.pdf,"Ministère des Armées — SSM/OED, EcoDef Statistiques n°265 (enquête EDIS)",moyen,L'enquête EDIS documente le secteur et le règlement (UE) 2021/821 documente certains biens électroniques : cela ne permet pas d'affirmer que toute entreprise de la sous-classe 26.11Z a une activité duale.,
NAF rév.2,26.12Z,relation_intermediaire,technologie_dual_use;ecosysteme_defense_observe,electronique,"Deux faits documentés : le secteur des produits informatiques, électroniques et optiques est le deuxième secteur industriel des entreprises de défense recensées par l'enquête EDIS (adossée au REFD) ; et les assemblages électroniques relèvent des catégories de biens à double usage de l'annexe I du règlement (UE) 2021/821. Ni l'un ni l'autre ne démontre que la sous-classe elle-même est duale.",enquete_ssm_refd,"Cartes électroniques pour l'industrie, l'automobile, les télécoms et l'électronique grand public","Cartes et assemblages électroniques pour systèmes militaires (radars, missiles, communications)",https://www.insee.fr/fr/metadonnees/nafr2/sousClasse/26.12Z,INSEE — NAF rév.2 — sous-classe 26.12Z,"« produits informatiques, électroniques et optiques : deuxième secteur » (EDIS)",https://www.defense.gouv.fr/sites/default/files/ssm/EcoDef%20265%20-%20EDIS%202023.pdf,"Ministère des Armées — SSM/OED, EcoDef Statistiques n°265 (enquête EDIS)",moyen,L'enquête EDIS documente le secteur et le règlement (UE) 2021/821 documente certains biens : cela ne permet pas d'affirmer que toute entreprise de la sous-classe 26.12Z a une activité duale.,
NAF rév.2,26.20Z,relation_intermediaire,technologie_dual_use;ecosysteme_defense_observe,electronique,"Deux faits documentés : le secteur des produits informatiques, électroniques et optiques est le deuxième secteur industriel des entreprises de défense recensées par l'enquête EDIS (adossée au REFD) ; et les calculateurs relèvent de la catégorie 4 (« calculateurs ») de l'annexe I du règlement (UE) 2021/821. Ni l'un ni l'autre ne démontre que la sous-classe elle-même est duale.",enquete_ssm_refd,"Ordinateurs et serveurs pour les entreprises, les administrations et le grand public",Calculateurs embarqués et systèmes d'information militaires,https://www.insee.fr/fr/metadonnees/nafr2/sousClasse/26.20Z,INSEE — NAF rév.2 — sous-classe 26.20Z,"« produits informatiques, électroniques et optiques : deuxième secteur » (EDIS)",https://www.defense.gouv.fr/sites/default/files/ssm/EcoDef%20265%20-%20EDIS%202023.pdf,"Ministère des Armées — SSM/OED, EcoDef Statistiques n°265 (enquête EDIS)",moyen,L'enquête EDIS documente le secteur et le règlement (UE) 2021/821 documente certains biens : cela ne permet pas d'affirmer que toute entreprise de la sous-classe 26.20Z a une activité duale.,
NAF rév.2,26.30Z,relation_intermediaire,technologie_dual_use;ecosysteme_defense_observe,electronique,"Deux faits documentés : le secteur des produits informatiques, électroniques et optiques est le deuxième secteur industriel des entreprises de défense recensées par l'enquête EDIS (adossée au REFD) ; et les équipements de communication relèvent de la catégorie 5 (« télécommunications et sécurité de l'information ») de l'annexe I du règlement (UE) 2021/821. Ni l'un ni l'autre ne démontre que la sous-classe elle-même est duale.",enquete_ssm_refd,"Équipements de réseaux et de radiocommunication civils (téléphonie, radiodiffusion, réseaux d'entreprise)",Systèmes de communication militaires et radios tactiques,https://www.insee.fr/fr/metadonnees/nafr2/sousClasse/26.30Z,INSEE — NAF rév.2 — sous-classe 26.30Z,"« produits informatiques, électroniques et optiques : deuxième secteur » (EDIS)",https://www.defense.gouv.fr/sites/default/files/ssm/EcoDef%20265%20-%20EDIS%202023.pdf,"Ministère des Armées — SSM/OED, EcoDef Statistiques n°265 (enquête EDIS)",moyen,L'enquête EDIS documente le secteur et le règlement (UE) 2021/821 documente certains biens : cela ne permet pas d'affirmer que toute entreprise de la sous-classe 26.30Z a une activité duale.,
NAF rév.2,72.19Z,relation_intermediaire,projets_duaux_documentes,recherche,"Le ministère des Armées finance explicitement des projets de R&D duale : le dispositif RAPID (Régime d'Appui pour l'Innovation Duale), porté par la DGA et l'Agence de l'innovation de défense, subventionne des projets à applications civiles et militaires portés par des entreprises. Cela documente l'existence de projets duals dans ce domaine, pas la dualité de toute la sous-classe.",dispositif_ministeriel,"Recherche appliquée pour l'industrie, la santé, l'énergie ou le spatial civils",Projets de R&D duale soutenus par la DGA et l'Agence de l'innovation de défense (dispositif RAPID),https://www.insee.fr/fr/metadonnees/nafr2/sousClasse/72.19Z,INSEE — NAF rév.2 — sous-classe 72.19Z,« Régime d'Appui pour l'Innovation Duale »,https://www.defense.gouv.fr/aid,Ministère des Armées — Agence de l'innovation de défense (dispositif RAPID),moyen,RAPID démontre l'existence de projets duals financés dans ce domaine ; il ne permet pas d'affirmer que toute la sous-classe 72.19Z (ni chaque laboratoire) a une activité duale.,En NAF 2025 l'activité se répartit entre 72.10G et 72.10H (à confirmer avec la table officielle).
NAF rév.2,84.22Z,administration_defense,,administration,"Le libellé « Défense » désigne l'administration de la défense nationale par la sphère publique. AVERTISSEMENT : ce code ne désigne PAS les entreprises industrielles de défense.",libelle_officiel,,,https://www.insee.fr/fr/metadonnees/nafr2/sousClasse/84.22Z,INSEE — NAF rév.2 — sous-classe 84.22Z,« Défense »,,,élevé,,"Même nature que 84.22Y en NAF 2025 : administration publique (armées, ministère), pas les industriels."
NAF rév.2,71.12B,piste_dualite,dual_a_confirmer,ingenierie,"L'ingénierie et les études techniques irriguent les programmes d'armement comme les marchés civils, et le secteur des services entre dans le périmètre de l'enquête EDIS (« industrie et services »). Mais aucune source publique consultée ne détaille la part de cette sous-classe précise chez les fournisseurs de la Défense.",enquete_ssm_refd,,,https://www.insee.fr/fr/metadonnees/nafr2/sousClasse/71.12B,INSEE — NAF rév.2 — sous-classe 71.12B,,,,piste,Hypothèse plausible ; preuve insuffisante au niveau de la sous-classe.,Non affichée comme validée : ni dans la visualisation ni dans les compteurs.
NAF rév.2,62.01Z,piste_dualite,dual_a_confirmer,numerique,"Le logiciel est présent dans la plupart des systèmes de défense et le secteur des services entre dans le périmètre de l'enquête EDIS. Mais aucune source publique consultée ne documente la part de cette sous-classe précise chez les fournisseurs de la Défense.",enquete_ssm_refd,,,https://www.insee.fr/fr/metadonnees/nafr2/sousClasse/62.01Z,INSEE — NAF rév.2 — sous-classe 62.01Z,,,,piste,Hypothèse plausible ; preuve insuffisante au niveau de la sous-classe.,Non affichée comme validée : ni dans la visualisation ni dans les compteurs.
NAF rév.2,61.30Z,piste_dualite,dual_a_confirmer,electronique,"Les télécommunications par satellite servent des usages civils et gouvernementaux, y compris militaires. Mais la preuve publique au niveau de cette sous-classe (opérateurs) n'a pas été réunie : les équipements relèvent d'autres codes.",libelle_officiel,,,https://www.insee.fr/fr/metadonnees/nafr2/sousClasse/61.30Z,INSEE — NAF rév.2 — sous-classe 61.30Z,,,,piste,Hypothèse plausible ; preuve insuffisante au niveau de la sous-classe.,Non affichée comme validée : ni dans la visualisation ni dans les compteurs.
NAF rév.2,71.20B,piste_dualite,dual_a_confirmer,ingenierie,"Les analyses, essais et inspections techniques interviennent dans la qualification des matériels civils comme militaires. Mais aucune source publique consultée ne documente la part de cette sous-classe précise chez les fournisseurs de la Défense.",enquete_ssm_refd,,,https://www.insee.fr/fr/metadonnees/nafr2/sousClasse/71.20B,INSEE — NAF rév.2 — sous-classe 71.20B,,,,piste,Hypothèse plausible ; preuve insuffisante au niveau de la sous-classe.,Non affichée comme validée : ni dans la visualisation ni dans les compteurs.
NAF 2025,71.12Y,piste_dualite,dual_a_confirmer,ingenierie,"L'ingénierie et le conseil technique irriguent les programmes d'armement comme les marchés civils, et le secteur des services entre dans le périmètre de l'enquête EDIS (« industrie et services »). Mais aucune source publique consultée ne détaille la part de cette sous-classe précise chez les fournisseurs de la Défense.",enquete_ssm_refd,,,https://www.insee.fr/fr/metadonnees/naf2025/sousClasse/71.12Y,INSEE — NAF 2025 — sous-classe 71.12Y,,,,piste,Hypothèse plausible ; preuve insuffisante au niveau de la sous-classe.,Non affichée comme validée : ni dans la visualisation ni dans les compteurs.
NAF 2025,62.10Y,piste_dualite,dual_a_confirmer,numerique,"Le logiciel est présent dans la plupart des systèmes de défense et le secteur des services entre dans le périmètre de l'enquête EDIS. Mais aucune source publique consultée ne documente la part de cette sous-classe précise chez les fournisseurs de la Défense.",enquete_ssm_refd,,,https://www.insee.fr/fr/metadonnees/naf2025/sousClasse/62.10Y,INSEE — NAF 2025 — sous-classe 62.10Y,,,,piste,Hypothèse plausible ; preuve insuffisante au niveau de la sous-classe.,Non affichée comme validée : ni dans la visualisation ni dans les compteurs.
NAF 2025,71.20H,piste_dualite,dual_a_confirmer,ingenierie,"Les activités de contrôle et d'analyses techniques interviennent dans la qualification des matériels civils comme militaires. Mais aucune source publique consultée ne documente la part de cette sous-classe précise chez les fournisseurs de la Défense.",enquete_ssm_refd,,,https://www.insee.fr/fr/metadonnees/naf2025/sousClasse/71.20H,INSEE — NAF 2025 — sous-classe 71.20H,,,,piste,Hypothèse plausible ; preuve insuffisante au niveau de la sous-classe.,Non affichée comme validée : ni dans la visualisation ni dans les compteurs.
NAF 2025,28.11Y,piste_dualite,dual_a_confirmer,machines_equipements,"Les moteurs et turbines (hors avions et véhicules) équipent notamment des navires ; la nomenclature de produits couvre les moteurs de marine sans distinguer les usages. Aucun renvoi officiel explicite civil/militaire vers cette sous-classe n'a pu être vérifié.",nomenclature_produits_cpf,,,https://www.insee.fr/fr/metadonnees/naf2025/sousClasse/28.11Y,INSEE — NAF 2025 — sous-classe 28.11Y,,,,piste,Hypothèse plausible ; les renvois officiels civil/militaire n'ont pas pu être vérifiés.,Non affichée comme validée : ni dans la visualisation ni dans les compteurs.
NAF 2025,20.59Y,piste_dualite,dual_a_confirmer,armement,"Candidat pressenti pour accueillir en NAF 2025 tout ou partie du périmètre des produits explosifs (20.51Z en NAF rév.2, dont les poudres propulsives). Ni la fiche 2025 ni la table de correspondance officielle n'ont pu être consultées pour le confirmer.",structure_naf_2025,,,https://www.insee.fr/fr/metadonnees/naf2025/sousClasse/20.59Y,INSEE — NAF 2025 — sous-classe 20.59Y,,,,piste,Hypothèse plausible ; destination du périmètre explosifs à confirmer avec la table officielle.,Non affichée comme validée : ni dans la visualisation ni dans les compteurs.
